chapter_no,chapter_title,start_page,end_page
1,পূর্ব বাংলার আন্দোলন ও জাতীয়তাবাদের উথান (১৯৪৭-১৯৭০),6,18
2,বাংলাদেশের স্বাধীনতা,19,30
3,সৌরজগৎ ও ভূমণ্ডল,31,49
4,বাংলাদেশের ভূপ্রকৃতি ও জলবায়ু,50,65
5,বাংলাদেশের নদ-নদী ও প্রাকৃতিক সম্পদ,66,78
6,"রাষ্ট্র, নাগরিকতা ও আইন",79,89
7,বাংলাদেশ সরকারের বিভিন্ন অঙ্গ ও প্রশাসন ব্যবস্থা,90,102
8,বাংলাদেশের গণতন্ত্র ও নির্বাচন ব্যবস্থা,103,111
9,জাতিসংঘ ও বাংলাদেশ,112,121
10,জাতীয় সম্পদ ও অর্থনৈতিক ব্যবস্থা,122,133
11,অর্থনৈতিক নির্দেশকসমূহ ও বাংলাদেশের অর্থনীতির প্রকৃতি,134,157
12,বাংলাদেশ সরকারের অর্থ ও বাজেট ব্যবস্থা,158,168
13,বাংলাদেশের পরিবার কাঠামো ও সামাজিকীকরণ,169,177
14,বাংলাদেশের সামাজিক পরিবর্তন,178,189
15,বাংলাদেশের সামাজিক সমস্যা ও প্রতিকার,190,200
